wp,x,y,yaw_imu
wp1,13588572.04,8085216.379,-0.25999999
wp2,13588570.95,8085216.737,-0.500513654
wp3,13588569.86,8085217.091,-0.733863082
wp4,13588568.76,8085217.442,-0.90435697
wp5,13588567.67,8085217.789,-1.025709464
wp6,13588566.57,8085218.132,-1.340254168
wp7,13588565.48,8085218.473,-1.536351973
wp8,13588564.38,8085218.81,-1.655330587
wp9,13588563.28,8085219.145,-1.766751383
wp10,13588562.18,8085219.477,-1.906793612
wp11,13588561.08,8085219.807,-2.009180409
wp12,13588559.97,8085220.135,-2.043681035
wp13,13588558.87,8085220.461,-2.039480982
wp14,13588557.77,8085220.786,-1.995015398
wp15,13588556.66,8085221.11,-1.918953666
wp16,13588555.56,8085221.432,-1.863300608
wp17,13588554.45,8085221.753,-1.831520513
wp18,13588553.34,8085222.074,-1.779334297
wp19,13588552.24,8085222.395,-1.668207992
wp20,13588551.13,8085222.715,-1.517245696
wp21,13588550.03,8085223.035,-1.365348968
wp22,13588548.92,8085223.356,-1.237007936
wp23,13588547.81,8085223.677,-1.150661342
wp24,13588546.71,8085223.999,-1.095228138
wp25,13588545.6,8085224.322,-1.047857125
wp26,13588544.5,8085224.646,-0.988764036
wp27,13588543.39,8085224.972,-0.901617944
wp28,13588542.29,8085225.299,-0.777626741
wp29,13588541.19,8085225.629,-0.648601892
wp30,13588540.08,8085225.96,-0.547216383
wp31,13588538.98,8085226.294,-0.466892839
wp32,13588537.88,8085226.63,-0.392236138
wp33,13588536.78,8085226.969,-0.302632234
wp34,13588535.68,8085227.311,-0.176738237
wp35,13588534.58,8085227.657,-0.011777443
wp36,13588533.49,8085228.006,0.16959013
wp37,13588532.39,8085228.358,0.344245283
wp38,13588531.3,8085228.715,0.500098847
wp39,13588530.21,8085229.075,0.63079838
wp40,13588529.12,8085229.438,0.746135868
wp41,13588528.03,8085229.805,0.876090453
wp42,13588526.94,8085230.175,1.049176606
wp43,13588525.85,8085230.549,1.240455002
wp44,13588524.76,8085230.925,1.378738064
wp45,13588523.68,8085231.305,1.445227938
wp46,13588522.59,8085231.687,1.475241528
wp47,13588521.51,8085232.072,1.505344784
wp48,13588520.43,8085232.46,1.538840816
wp49,13588519.35,8085232.851,1.5406385
wp50,13588518.27,8085233.243,1.482913552
wp51,13588517.19,8085233.639,1.378179005
wp52,13588516.11,8085234.036,1.248951619
wp53,13588515.03,8085234.436,1.101781506
wp54,13588513.95,8085234.838,0.928747552
wp55,13588512.88,8085235.242,0.737485826
wp56,13588511.8,8085235.647,0.569269118
wp57,13588510.72,8085236.054,0.452926369
wp58,13588509.65,8085236.463,0.363906853
wp59,13588508.58,8085236.874,0.268488402
wp60,13588507.5,8085237.286,0.165112816
wp61,13588506.43,8085237.699,0.083132432
wp62,13588505.36,8085238.114,0.043966414
wp63,13588504.28,8085238.529,0.051186283
wp64,13588503.21,8085238.946,0.10030446
wp65,13588502.14,8085239.364,0.165484107
wp66,13588501.07,8085239.782,0.216710563
wp67,13588500,8085240.201,0.246938496
wp68,13588498.93,8085240.621,0.279550507
wp69,13588497.86,8085241.042,0.328275967
wp70,13588496.78,8085241.462,0.383712552
wp71,13588495.71,8085241.883,0.433873841
wp72,13588494.64,8085242.304,0.475541535
wp73,13588493.57,8085242.726,0.520333586
wp74,13588492.5,8085243.147,0.575741472
wp75,13588491.43,8085243.568,0.627450638
wp76,13588490.36,8085243.989,0.657582289
wp77,13588489.29,8085244.41,0.66797566
wp78,13588488.22,8085244.83,0.672740216
wp79,13588487.15,8085245.25,0.686036728
wp80,13588486.08,8085245.669,0.713409573
wp81,13588485.01,8085246.088,0.746699888
wp82,13588483.93,8085246.505,0.7770362
wp83,13588482.86,8085246.922,0.803577362
wp84,13588481.79,8085247.337,0.831275139
wp85,13588480.72,8085247.752,0.860055286
wp86,13588479.64,8085248.165,0.88723499
wp87,13588478.57,8085248.578,0.910709719
wp88,13588477.49,8085248.989,0.931704174
wp89,13588476.42,8085249.399,0.952593766
wp90,13588475.34,8085249.808,0.974600171
wp91,13588474.27,8085250.216,0.995724884
wp92,13588473.19,8085250.623,1.014342151
wp93,13588472.11,8085251.029,1.030487334
wp94,13588471.04,8085251.434,1.044367074
wp95,13588469.96,8085251.837,1.056205127
wp96,13588468.88,8085252.24,1.066548167
wp97,13588467.8,8085252.641,1.076230722
wp98,13588466.73,8085253.042,1.086144814
wp99,13588465.65,8085253.441,1.097861803
wp100,13588464.57,8085253.839,1.113455813
wp101,13588463.49,8085254.235,1.133851719
wp102,13588462.41,8085254.631,1.157353126
wp103,13588461.33,8085255.026,1.181790144
wp104,13588460.25,8085255.419,1.202170484
wp105,13588459.16,8085255.811,1.210565443
wp106,13588458.08,8085256.202,1.202180211
wp107,13588457,8085256.592,1.198057905
wp108,13588455.92,8085256.981,1.225703781
wp109,13588454.84,8085257.368,1.275048752
wp110,13588453.75,8085257.754,1.3210028
wp111,13588452.67,8085258.14,1.344782642
wp112,13588451.58,8085258.524,1.350970086
wp113,13588450.5,8085258.906,1.349507036
wp114,13588449.41,8085259.288,1.347786828
wp115,13588448.33,8085259.668,1.347895303
wp116,13588447.24,8085260.047,1.35121837
wp117,13588446.16,8085260.425,1.354979469
wp118,13588445.07,8085260.802,1.348483992
wp119,13588443.98,8085261.177,1.320150359
wp120,13588442.89,8085261.551,1.262385218
wp121,13588441.81,8085261.924,1.19871092
wp122,13588440.72,8085262.296,1.157570146
wp123,13588439.63,8085262.666,1.131375062
wp124,13588438.54,8085263.035,1.104129796
wp125,13588437.45,8085263.403,1.059838474
wp126,13588436.36,8085263.77,0.989226293
wp127,13588435.27,8085264.135,0.90967953
wp128,13588434.18,8085264.499,0.84468228
wp129,13588433.09,8085264.862,0.801580297
wp130,13588431.99,8085265.223,0.768707596
wp131,13588430.9,8085265.584,0.735063965
wp132,13588429.81,8085265.943,0.695877152
wp133,13588428.72,8085266.3,0.647753865
wp134,13588427.62,8085266.656,0.587325137
wp135,13588426.53,8085267.011,0.516972171
wp136,13588425.43,8085267.365,0.452210026
wp137,13588424.34,8085267.718,0.406715464
wp138,13588423.24,8085268.069,0.377657804
wp139,13588422.15,8085268.418,0.357562272
wp140,13588421.05,8085268.767,0.340886222
wp141,13588419.96,8085269.114,0.327290549
wp142,13588418.86,8085269.461,0.317272842
wp143,13588417.76,8085269.806,0.309198354
wp144,13588416.66,8085270.15,0.297932726
wp145,13588415.57,8085270.493,0.278016625
wp146,13588414.47,8085270.835,0.24416696
wp147,13588413.37,8085271.175,0.197561813
wp148,13588412.27,8085271.515,0.147553494
wp149,13588411.17,8085271.854,0.104008507
wp150,13588410.07,8085272.192,0.072547918
wp151,13588408.97,8085272.53,0.048076444
wp152,13588407.87,8085272.866,0.024092868
wp153,13588406.77,8085273.201,-0.00274958
wp154,13588405.67,8085273.536,-0.033691252
wp155,13588404.57,8085273.87,-0.069369429
wp156,13588403.47,8085274.203,-0.106429305
wp157,13588402.37,8085274.536,-0.139795194
wp158,13588401.27,8085274.868,-0.164780035
wp159,13588400.17,8085275.199,-0.181823546
wp160,13588399.06,8085275.53,-0.194943679
wp161,13588397.96,8085275.86,-0.208231453
wp162,13588396.86,8085276.189,-0.225230554
wp163,13588395.76,8085276.518,-0.246357168
wp164,13588394.66,8085276.847,-0.270918405
wp165,13588393.55,8085277.175,-0.297776981
wp166,13588392.45,8085277.503,-0.324201259
wp167,13588391.35,8085277.83,-0.347101116
wp168,13588390.25,8085278.157,-0.363955441
wp169,13588389.14,8085278.484,-0.375809571
wp170,13588388.04,8085278.81,-0.384831179
wp171,13588386.94,8085279.136,-0.388805587
wp172,13588385.83,8085279.462,-0.381837774
wp173,13588384.73,8085279.788,-0.357918646
wp174,13588383.63,8085280.114,-0.3117362
wp175,13588382.52,8085280.439,-0.250821203
wp176,13588381.42,8085280.764,-0.19398061
wp177,13588380.32,8085281.09,-0.152143099
wp178,13588379.21,8085281.415,-0.113129845
wp179,13588378.11,8085281.74,-0.060753423
wp180,13588377.01,8085282.066,0.021173581
wp181,13588375.9,8085282.391,0.139123713
wp182,13588374.8,8085282.717,0.262030393
wp183,13588373.7,8085283.042,0.352377646
wp184,13588372.59,8085283.368,0.406521288
wp185,13588371.49,8085283.694,0.444431213
wp186,13588370.39,8085284.02,0.486558157
wp187,13588369.28,8085284.346,0.550642565
wp188,13588368.18,8085284.673,0.63103215
wp189,13588367.08,8085285,0.710112783
wp190,13588365.97,8085285.328,0.774115282
wp191,13588364.87,8085285.655,0.824962523
wp192,13588363.77,8085285.983,0.868471158
wp193,13588362.67,8085286.312,0.908188777
wp194,13588361.57,8085286.641,0.942628772
wp195,13588360.46,8085286.971,0.969627748
wp196,13588359.36,8085287.301,0.987583107
wp197,13588358.26,8085287.631,0.997249717
wp198,13588357.16,8085287.963,1.000001742
wp199,13588356.06,8085288.294,0.997082964
wp200,13588354.96,8085288.627,0.989344443
wp201,13588353.85,8085288.959,0.97756493
wp202,13588352.75,8085289.292,0.962873911
wp203,13588351.65,8085289.626,0.947219314
wp204,13588350.55,8085289.96,0.932643188
wp205,13588349.45,8085290.295,0.920722057
wp206,13588348.35,8085290.63,0.912593005
wp207,13588347.25,8085290.966,0.909318749
wp208,13588346.15,8085291.302,0.909730811
wp209,13588345.05,8085291.639,0.909765979
wp210,13588343.95,8085291.976,0.90658744
wp211,13588342.85,8085292.314,0.900381269
wp212,13588341.75,8085292.652,0.891720667
wp213,13588340.66,8085292.99,0.881177895
wp214,13588339.56,8085293.329,0.86931878
wp215,13588338.46,8085293.668,0.856447421
wp216,13588337.36,8085294.008,0.841989744
wp217,13588336.26,8085294.348,0.825185773
wp218,13588335.16,8085294.689,0.805524627
wp219,13588334.06,8085295.03,0.784876436
wp220,13588332.97,8085295.372,0.766433808
wp221,13588331.87,8085295.714,0.753223616
wp222,13588330.77,8085296.056,0.745251256
wp223,13588329.67,8085296.399,0.740015152
wp224,13588328.57,8085296.742,0.734785172
wp225,13588327.48,8085297.085,0.726214569
wp226,13588326.38,8085297.429,0.710800951
wp227,13588325.28,8085297.774,0.686100063
wp228,13588324.18,8085298.118,0.654435114
wp229,13588323.09,8085298.463,0.61947139
wp230,13588321.99,8085298.809,0.582814775
wp231,13588320.89,8085299.154,0.538251461
wp232,13588319.8,8085299.501,0.485475903
wp233,13588318.7,8085299.847,0.439795623
wp234,13588317.6,8085300.194,0.416535339
wp235,13588316.51,8085300.541,0.411866131
wp236,13588315.41,8085300.889,0.410614098
wp237,13588314.31,8085301.236,0.400278988
wp238,13588313.22,8085301.585,0.384314458
wp239,13588312.12,8085301.933,0.37177465
wp240,13588311.03,8085302.282,0.371654364
wp241,13588309.93,8085302.631,0.386227556
wp242,13588308.84,8085302.981,0.405313907
wp243,13588307.74,8085303.33,0.418358182
wp244,13588306.64,8085303.68,0.424430727
wp245,13588305.55,8085304.031,0.428082629
wp246,13588304.45,8085304.381,0.433688274
wp247,13588303.36,8085304.732,0.441740311
wp248,13588302.26,8085305.083,0.449589205
wp249,13588301.17,8085305.435,0.455023708
wp250,13588300.07,8085305.787,0.458371664
wp251,13588298.98,8085306.139,0.46069019
wp252,13588297.88,8085306.491,0.460986554
wp253,13588296.79,8085306.843,0.455023168
wp254,13588295.69,8085307.196,0.438830855
wp255,13588294.6,8085307.549,0.416481785
wp256,13588293.5,8085307.902,0.398096319
wp257,13588292.41,8085308.256,0.390471563
wp258,13588291.32,8085308.61,0.391125638
wp259,13588290.22,8085308.964,0.396042809
wp260,13588289.13,8085309.318,0.401235222
wp261,13588288.03,8085309.672,0.405418895
wp262,13588286.94,8085310.027,0.412234724
wp263,13588285.84,8085310.382,0.425719488
wp264,13588284.75,8085310.737,0.443284703
wp265,13588283.66,8085311.092,0.452604598
wp266,13588282.56,8085311.447,0.44118222
wp267,13588281.47,8085311.803,0.410935582
wp268,13588280.37,8085312.158,0.378311258
wp269,13588279.28,8085312.514,0.354296642
wp270,13588278.19,8085312.87,0.341528379
wp271,13588277.09,8085313.227,0.341798624
wp272,13588276,8085313.583,0.352691102
wp273,13588274.9,8085313.94,0.368236805
wp274,13588273.81,8085314.296,0.382367243
wp275,13588272.72,8085314.653,0.391720289
wp276,13588271.62,8085315.01,0.399055598
wp277,13588270.53,8085315.367,0.40765478
wp278,13588269.44,8085315.725,0.418941288
wp279,13588268.34,8085316.082,0.433668506
wp280,13588267.25,8085316.44,0.452587634
wp281,13588266.16,8085316.797,0.475486445
wp282,13588265.06,8085317.155,0.499479342
wp283,13588263.97,8085317.513,0.521220924
wp284,13588262.88,8085317.871,0.537979979
wp285,13588261.78,8085318.229,0.549066207
wp286,13588260.69,8085318.587,0.554565819
wp287,13588259.6,8085318.945,0.556593468
wp288,13588258.5,8085319.303,0.557986705
wp289,13588257.41,8085319.662,0.561556787
wp290,13588256.32,8085320.02,0.568379691
wp291,13588255.22,8085320.379,0.5767798
wp292,13588254.13,8085320.737,0.584823033
wp293,13588253.04,8085321.096,0.590374929
wp294,13588251.94,8085321.455,0.591154045
wp295,13588250.85,8085321.813,0.585178712
wp296,13588249.76,8085322.172,0.573882795
wp297,13588248.66,8085322.531,0.560853222
wp298,13588247.57,8085322.89,0.549710572
wp299,13588246.48,8085323.249,0.543117065
wp300,13588245.38,8085323.607,0.540250696
wp301,13588244.29,8085323.966,0.539374903
wp302,13588243.2,8085324.325,0.537886437
wp303,13588242.1,8085324.684,0.53280954
wp304,13588241.01,8085325.043,0.521167016
wp305,13588239.92,8085325.402,0.501332661
wp306,13588238.82,8085325.761,0.478386663
wp307,13588237.73,8085326.12,0.459486188
wp308,13588236.63,8085326.479,0.449823711
wp309,13588235.54,8085326.837,0.447512612
wp310,13588234.45,8085327.196,0.449072928
wp311,13588233.35,8085327.555,0.450723168
wp312,13588232.26,8085327.914,0.444182533
wp313,13588231.17,8085328.272,0.417713033
wp314,13588230.07,8085328.631,0.36558393
wp315,13588228.98,8085328.989,0.32392714
wp316,13588227.89,8085329.347,0.322012535
wp317,13588226.79,8085329.706,0.339256184
wp318,13588225.7,8085330.064,0.349023876
wp319,13588224.6,8085330.422,0.324681398
wp320,13588223.51,8085330.779,0.247172843
wp321,13588222.42,8085331.137,0.163094574
wp322,13588221.32,8085331.495,0.115916968
wp323,13588220.23,8085331.852,0.096253484
wp324,13588219.13,8085332.209,0.090688235
wp325,13588218.04,8085332.566,0.085805331
wp326,13588216.95,8085332.923,0.068973417
wp327,13588215.85,8085333.28,0.043004713
wp328,13588214.76,8085333.636,0.022400434
wp329,13588213.66,8085333.992,0.008057619
wp330,13588212.57,8085334.348,-0.004207456
wp331,13588211.48,8085334.704,-0.018526728
wp332,13588210.38,8085335.059,-0.03800977
wp333,13588209.29,8085335.415,-0.064896246
wp334,13588208.19,8085335.77,-0.101059537
wp335,13588207.1,8085336.124,-0.142149729
wp336,13588206,8085336.479,-0.178355094
wp337,13588204.91,8085336.833,-0.201975521
wp338,13588203.82,8085337.187,-0.216143888
wp339,13588202.72,8085337.54,-0.227183577
wp340,13588201.63,8085337.894,-0.24095498
wp341,13588200.53,8085338.247,-0.259488171
wp342,13588199.44,8085338.599,-0.282924003
wp343,13588198.34,8085338.952,-0.311345382
wp344,13588197.25,8085339.304,-0.342863784
wp345,13588196.15,8085339.655,-0.37288428
wp346,13588195.06,8085340.006,-0.397426265
wp347,13588193.96,8085340.357,-0.419946133
wp348,13588192.87,8085340.708,-0.447897571
wp349,13588191.77,8085341.058,-0.48849228
wp350,13588190.68,8085341.407,-0.538617886
wp351,13588189.58,8085341.757,-0.582188588
wp352,13588188.49,8085342.105,-0.609915151
wp353,13588187.39,8085342.454,-0.624833677
wp354,13588186.3,8085342.802,-0.631102064
wp355,13588185.2,8085343.149,-0.633150485
wp356,13588184.1,8085343.496,-0.635902811
wp357,13588183.01,8085343.843,-0.644243117
wp358,13588181.91,8085344.189,-0.659393
wp359,13588180.82,8085344.535,-0.677763839
wp360,13588179.72,8085344.88,-0.695440199
wp361,13588178.63,8085345.225,-0.708717573
wp362,13588177.53,8085345.569,-0.716057302
wp363,13588176.43,8085345.913,-0.717193147
wp364,13588175.34,8085346.256,-0.711875111
wp365,13588174.24,8085346.599,-0.70038424
wp366,13588173.15,8085346.941,-0.6869454
wp367,13588172.05,8085347.283,-0.677450186
wp368,13588170.95,8085347.624,-0.671978853
wp369,13588169.86,8085347.965,-0.661963488
wp370,13588168.76,8085348.306,-0.638134164
wp371,13588167.66,8085348.646,-0.591427504
wp372,13588166.56,8085348.985,-0.525165943
wp373,13588165.47,8085349.324,-0.46186569
wp374,13588164.37,8085349.663,-0.422779674
wp375,13588163.27,8085350.002,-0.404974372
wp376,13588162.17,8085350.34,-0.393543889
wp377,13588161.07,8085350.677,-0.373496875
wp378,13588159.97,8085351.014,-0.333024043
wp379,13588158.87,8085351.351,-0.278269391
wp380,13588157.77,8085351.687,-0.221667341
wp381,13588156.67,8085352.023,-0.174203227
wp382,13588155.57,8085352.359,-0.135233663
wp383,13588154.47,8085352.694,-0.09854254
wp384,13588153.37,8085353.029,-0.057886816
wp385,13588152.27,8085353.364,-0.007767333
wp386,13588151.16,8085353.698,0.055981738
wp387,13588150.06,8085354.032,0.137387062
wp388,13588148.96,8085354.366,0.239423602
wp389,13588147.85,8085354.699,0.361766368
wp390,13588146.75,8085355.032,0.503374719
wp391,13588145.64,8085355.365,0.657458688
wp392,13588144.54,8085355.697,0.807294485
wp393,13588143.43,8085356.029,0.935319632
wp394,13588142.32,8085356.36,1.035266278
wp395,13588141.21,8085356.691,1.119940776
wp396,13588140.11,8085357.018,1.203988222
wp397,13588139,8085357.343,1.300478646
wp398,13588137.89,8085357.664,1.411628903
wp399,13588136.78,8085357.981,1.53508336
wp400,13588135.66,8085358.292,1.668470384
wp401,13588134.55,8085358.596,1.808049291
wp402,13588133.43,8085358.894,1.944417492
wp403,13588132.32,8085359.183,2.067707675
wp404,13588131.2,8085359.464,2.192882144
wp405,13588130.08,8085359.735,2.360811433
wp406,13588128.96,8085359.995,2.613044369
wp407,13588127.84,8085360.245,2.95650574
wp408,13588126.72,8085360.482,3.342997099
wp409,13588125.59,8085360.706,3.719817319
wp410,13588124.47,8085360.917,4.065770015
wp411,13588123.34,8085361.113,4.412789476
wp412,13588122.21,8085361.294,4.797922505
wp413,13588121.08,8085361.458,5.251185262
wp414,13588119.94,8085361.605,5.747759419
wp415,13588118.81,8085361.735,6.237078355
wp416,13588117.67,8085361.846,6.677946023
wp417,13588116.53,8085361.937,7.186093825
wp418,13588115.38,8085362.008,8.005924264
wp419,13588114.24,8085362.058,9.37313923
wp420,13588113.09,8085362.086,11.15475135
wp421,13588111.94,8085362.091,12.79754439
wp422,13588110.79,8085362.072,13.92929851
wp423,13588109.63,8085362.028,14.77660619
wp424,13588108.48,8085361.959,15.67543004
wp425,13588107.33,8085361.864,16.90525438
wp426,13588106.18,8085361.74,18.40447636
wp427,13588105.03,8085361.588,19.98409002
wp428,13588103.89,8085361.406,21.46323638
wp429,13588102.76,8085361.193,22.77506149
wp430,13588101.64,8085360.948,23.93508274
wp431,13588100.52,8085360.671,24.96064717
wp432,13588099.42,8085360.36,25.88249221
wp433,13588098.33,8085360.014,26.87787073
wp434,13588097.25,8085359.632,28.21439171
wp435,13588096.19,8085359.213,30.15986877
wp436,13588095.15,8085358.757,32.65616659
wp437,13588094.12,8085358.261,34.88254066
wp438,13588093.11,8085357.727,36.43477006
wp439,13588092.12,8085357.155,37.60596331
wp440,13588091.15,8085356.548,38.7310432
wp441,13588090.2,8085355.906,39.99080639
wp442,13588089.27,8085355.231,41.39886642
wp443,13588088.36,8085354.525,42.96045842
wp444,13588087.47,8085353.789,44.6798064
wp445,13588086.6,8085353.024,46.54525088
wp446,13588085.76,8085352.233,48.53250787
wp447,13588084.94,8085351.417,50.60834957
wp448,13588084.14,8085350.576,52.66774096
wp449,13588083.37,8085349.713,54.56990957
wp450,13588082.62,8085348.83,56.17419835
wp451,13588081.89,8085347.927,57.46317023
wp452,13588081.19,8085347.006,58.71958847
wp453,13588080.51,8085346.07,60.27106647
wp454,13588079.86,8085345.118,62.42218255
wp455,13588079.24,8085344.153,65.11079208
wp456,13588078.63,8085343.175,67.98073254
wp457,13588078.05,8085342.186,70.69543898
wp458,13588077.49,8085341.186,73.00960018
wp459,13588076.94,8085340.177,74.70132409
wp460,13588076.41,8085339.159,75.78127477
wp461,13588075.9,8085338.134,76.59266346
wp462,13588075.39,8085337.103,77.50395439
wp463,13588074.89,8085336.067,78.73097056
wp464,13588074.41,8085335.026,80.09341159
wp465,13588073.92,8085333.982,81.34990151
wp466,13588073.45,8085332.936,82.35277747
wp467,13588072.97,8085331.888,83.0775451
wp468,13588072.49,8085330.841,83.52434262
wp469,13588072.02,8085329.793,83.78943789
wp470,13588071.54,8085328.745,84.00430737
wp471,13588071.07,8085327.697,84.30047923
wp472,13588070.6,8085326.648,84.74910669
wp473,13588070.12,8085325.599,85.19911289
wp474,13588069.65,8085324.55,85.46044236
wp475,13588069.18,8085323.499,85.5146107
wp476,13588068.72,8085322.449,85.47023605
wp477,13588068.25,8085321.397,85.43829223
wp478,13588067.79,8085320.345,85.47326091
wp479,13588067.33,8085319.291,85.52963645
wp480,13588066.87,8085318.237,85.55804744
wp481,13588066.41,8085317.181,85.56205016
wp482,13588065.96,8085316.124,85.57141478
wp483,13588065.51,8085315.066,85.6069881
wp484,13588065.06,8085314.007,85.65986606
wp485,13588064.62,8085312.946,85.71599048
wp486,13588064.18,8085311.884,85.77276071
wp487,13588063.74,8085310.821,85.83541683
wp488,13588063.3,8085309.757,85.90902002
wp489,13588062.87,8085308.692,85.99131035
wp490,13588062.44,8085307.625,86.07286951
wp491,13588062.02,8085306.558,86.14398124
wp492,13588061.59,8085305.489,86.19908876
wp493,13588061.17,8085304.42,86.24642179
wp494,13588060.75,8085303.349,86.29706263
wp495,13588060.34,8085302.278,86.36198001
wp496,13588059.92,8085301.206,86.44377296
wp497,13588059.51,8085300.133,86.53108375
wp498,13588059.1,8085299.059,86.61175819
wp499,13588058.69,8085297.984,86.68397179
wp500,13588058.28,8085296.908,86.75532381
wp501,13588057.88,8085295.832,86.83371845
wp502,13588057.48,8085294.755,86.92360363
wp503,13588057.07,8085293.677,87.0233717
wp504,13588056.67,8085292.599,87.13079643
wp505,13588056.28,8085291.52,87.2420605
wp506,13588055.88,8085290.44,87.34968638
wp507,13588055.49,8085289.36,87.44646916
wp508,13588055.09,8085288.279,87.53099579
wp509,13588054.7,8085287.198,87.60444415
wp510,13588054.31,8085286.116,87.66855129
wp511,13588053.92,8085285.034,87.72953495
wp512,13588053.53,8085283.951,87.79580593
wp513,13588053.14,8085282.868,87.87579006
wp514,13588052.75,8085281.785,87.97732085
wp515,13588052.37,8085280.701,88.08956206
wp516,13588051.98,8085279.617,88.1797054
wp517,13588051.6,8085278.533,88.22811023
wp518,13588051.21,8085277.448,88.25380116
wp519,13588050.83,8085276.364,88.28221055
wp520,13588050.44,8085275.279,88.33877074
wp521,13588050.06,8085274.194,88.44425466
wp522,13588049.68,8085273.109,88.57929806
wp523,13588049.29,8085272.023,88.70404571
wp524,13588048.91,8085270.938,88.78546054
wp525,13588048.53,8085269.853,88.83542105
wp526,13588048.14,8085268.767,88.88358841
wp527,13588047.76,8085267.682,88.95773049
wp528,13588047.38,8085266.597,89.05494855
wp529,13588046.99,8085265.512,89.14784962
wp530,13588046.61,8085264.427,89.21081476
wp531,13588046.23,8085263.342,89.2427564
wp532,13588045.84,8085262.258,89.25668603
wp533,13588045.46,8085261.173,89.26527909
wp534,13588045.07,8085260.089,89.27421899
wp535,13588044.68,8085259.005,89.28407661
wp536,13588044.3,8085257.922,89.29503904
wp537,13588043.91,8085256.839,89.29961901
wp538,13588043.52,8085255.756,89.28169175
wp539,13588043.13,8085254.673,89.22467202
wp540,13588042.74,8085253.591,89.11205836
wp541,13588042.34,8085252.51,88.94471745
wp542,13588041.95,8085251.429,88.76207352
wp543,13588041.55,8085250.348,88.60408495
wp544,13588041.16,8085249.268,88.47081373
wp545,13588040.76,8085248.189,88.34203241
wp546,13588040.36,8085247.11,88.19736566
wp547,13588039.96,8085246.031,88.02254232
wp548,13588039.56,8085244.953,87.81923946
wp549,13588039.15,8085243.876,87.59170626
wp550,13588038.75,8085242.799,87.34558612
wp551,13588038.34,8085241.722,87.10302439
wp552,13588037.94,8085240.645,86.89695424
wp553,13588037.53,8085239.569,86.75004588
wp554,13588037.12,8085238.494,86.64527157
wp555,13588036.72,8085237.418,86.55617769
wp556,13588036.31,8085236.343,86.46128476
wp557,13588035.9,8085235.269,86.36354462
wp558,13588035.48,8085234.194,86.27339782
wp559,13588035.07,8085233.12,86.20134248
wp560,13588034.66,8085232.046,86.15961968
wp561,13588034.25,8085230.973,86.16251368
wp562,13588033.83,8085229.899,86.21681395
wp563,13588033.42,8085228.826,86.30615969
wp564,13588033.01,8085227.753,86.40982106
wp565,13588032.59,8085226.68,86.51091187
wp566,13588032.17,8085225.608,86.60137187
wp567,13588031.76,8085224.535,86.67437667
wp568,13588031.34,8085223.463,86.73029239
wp569,13588030.93,8085222.391,86.79284732
wp570,13588030.51,8085221.318,86.89050629
wp571,13588030.09,8085220.246,87.04940174
wp572,13588029.68,8085219.174,87.24416058
wp573,13588029.26,8085218.102,87.40230835
wp574,13588028.84,8085217.03,87.50378858
wp575,13588028.42,8085215.959,87.5738066
wp576,13588028.01,8085214.887,87.63565609
wp577,13588027.59,8085213.815,87.69495775
wp578,13588027.17,8085212.743,87.75141205
wp579,13588026.76,8085211.671,87.80458919
wp580,13588026.34,8085210.599,87.85254953
wp581,13588025.92,8085209.527,87.89241481
wp582,13588025.51,8085208.454,87.9246302
wp583,13588025.09,8085207.382,87.95475534
wp584,13588024.68,8085206.309,87.98878242
wp585,13588024.26,8085205.237,88.03202503
wp586,13588023.85,8085204.164,88.08316374
wp587,13588023.43,8085203.091,88.13712906
wp588,13588023.02,8085202.018,88.18911403
wp589,13588022.61,8085200.944,88.23689082
wp590,13588022.19,8085199.871,88.27952813
wp591,13588021.78,8085198.797,88.31610687
wp592,13588021.37,8085197.723,88.34638119
wp593,13588020.96,8085196.648,88.37169263
wp594,13588020.55,8085195.574,88.39378235
wp595,13588020.14,8085194.499,88.41662271
wp596,13588019.74,8085193.423,88.44575094
wp597,13588019.33,8085192.348,88.4848135
wp598,13588018.92,8085191.271,88.52633727
wp599,13588018.52,8085190.195,88.55897349
wp600,13588018.11,8085189.118,88.57854074
wp601,13588017.71,8085188.041,88.59224815
wp602,13588017.31,8085186.963,88.6081491
wp603,13588016.91,8085185.885,88.62975209
wp604,13588016.51,8085184.806,88.65561023
wp605,13588016.12,8085183.726,88.68402762
wp606,13588015.72,8085182.645,88.71334635
wp607,13588015.33,8085181.564,88.74194782
wp608,13588014.94,8085180.482,88.7682153
wp609,13588014.55,8085179.399,88.7968156
wp610,13588014.16,8085178.314,88.86372058
wp611,13588013.78,8085177.229,89.01450831
wp612,13588013.4,8085176.143,89.25823125
wp613,13588013.02,8085175.055,89.51668842
wp614,13588012.64,8085173.967,89.70932566
wp615,13588012.27,8085172.876,89.89992603
wp616,13588011.9,8085171.785,90.25774031
wp617,13588011.54,8085170.692,90.83581301
wp618,13588011.18,8085169.597,91.36124603
wp619,13588010.83,8085168.5,91.71023294
wp620,13588010.49,8085167.401,92.01896981
wp621,13588010.16,8085166.3,92.41665482
wp622,13588009.83,8085165.197,92.95288106
wp623,13588009.52,8085164.092,93.65005494
wp624,13588009.22,8085162.984,94.33739787
wp625,13588008.93,8085161.873,94.73038028
wp626,13588008.65,8085160.76,95.00801168
wp627,13588008.38,8085159.645,95.57246868
wp628,13588008.13,8085158.527,96.37299269
wp629,13588007.89,8085157.407,96.84112187
wp630,13588007.65,8085156.284,97.07095644
wp631,13588007.43,8085155.159,97.33099299
wp632,13588007.22,8085154.033,97.69272059
wp633,13588007.02,8085152.904,97.93987397
wp634,13588006.82,8085151.774,97.96958407
wp635,13588006.64,8085150.642,98.10910907
wp636,13588006.46,8085149.508,98.76932034
wp637,13588006.29,8085148.372,99.79467798
wp638,13588006.14,8085147.235,100.1461615
wp639,13588005.98,8085146.097,100.0917345
wp640,13588005.84,8085144.957,100.1380951
wp641,13588005.7,8085143.816,100.531023
wp642,13588005.57,8085142.674,101.0170989
wp643,13588005.45,8085141.531,101.3258577
wp644,13588005.33,8085140.387,101.4814343
wp645,13588005.22,8085139.242,101.6417348
wp646,13588005.11,8085138.097,101.9473522
wp647,13588005.01,8085136.95,102.3635645
wp648,13588004.91,8085135.803,102.760329
wp649,13588004.82,8085134.656,103.0980236
wp650,13588004.73,8085133.507,103.4338396
wp651,13588004.65,8085132.358,103.8213223
wp652,13588004.58,8085131.209,104.203561
wp653,13588004.51,8085130.059,104.455492
wp654,13588004.44,8085128.909,104.5957298
wp655,13588004.38,8085127.758,104.7497145
wp656,13588004.33,8085126.607,105.0424981
wp657,13588004.28,8085125.456,105.4690442
wp658,13588004.24,8085124.304,105.8437638
wp659,13588004.2,8085123.152,106.0568759
wp660,13588004.17,8085122,106.2112285
wp661,13588004.14,8085120.848,106.4404598
wp662,13588004.12,8085119.695,106.807258
wp663,13588004.11,8085118.543,107.2031188
wp664,13588004.1,8085117.39,107.4943036
wp665,13588004.1,8085116.237,107.6073469
wp666,13588004.1,8085115.085,107.639389
wp667,13588004.11,8085113.932,107.7175455
wp668,13588004.12,8085112.78,107.968932
wp669,13588004.14,8085111.628,108.5081539
wp670,13588004.17,8085110.476,109.2243428
wp671,13588004.2,8085109.324,109.8127717
wp672,13588004.24,8085108.172,110.1177537
wp673,13588004.28,8085107.021,110.2648261
wp674,13588004.33,8085105.87,110.4091097
wp675,13588004.39,8085104.719,110.6855711
wp676,13588004.45,8085103.569,111.0608179
wp677,13588004.52,8085102.42,111.4184106
wp678,13588004.59,8085101.271,111.698915
wp679,13588004.68,8085100.122,111.9409
wp680,13588004.76,8085098.974,112.1924704
wp681,13588004.86,8085097.826,112.4941113
wp682,13588004.96,8085096.68,112.8288194
wp683,13588005.06,8085095.534,113.1535755
wp684,13588005.17,8085094.388,113.4476691
wp685,13588005.29,8085093.244,113.7319387
wp686,13588005.42,8085092.1,114.0301777
wp687,13588005.55,8085090.957,114.3425878
wp688,13588005.69,8085089.815,114.6509781
wp689,13588005.83,8085088.674,114.9366708
wp690,13588005.98,8085087.534,115.1838871
wp691,13588006.14,8085086.395,115.4047494
wp692,13588006.3,8085085.257,115.6269653
wp693,13588006.47,8085084.12,115.8779448
wp694,13588006.65,8085082.984,116.1679671
wp695,13588006.83,8085081.849,116.4856354
wp696,13588007.02,8085080.716,116.8181605
wp697,13588007.22,8085079.584,117.1530921
wp698,13588007.43,8085078.453,117.4801448
wp699,13588007.64,8085077.323,117.7898864
wp700,13588007.85,8085076.195,118.0735793
wp701,13588008.08,8085075.068,118.3350138
wp702,13588008.31,8085073.943,118.5888629
wp703,13588008.55,8085072.819,118.8501621
wp704,13588008.79,8085071.696,119.1341575
wp705,13588009.05,8085070.576,119.4567005
wp706,13588009.3,8085069.456,119.830913
wp707,13588009.57,8085068.339,120.2354402
wp708,13588009.84,8085067.223,120.6259496
wp709,13588010.12,8085066.108,120.9576915
wp710,13588010.41,8085064.995,121.1923992
wp711,13588010.7,8085063.884,121.3596031
wp712,13588011,8085062.775,121.5292297
wp713,13588011.3,8085061.667,121.7717432
wp714,13588011.62,8085060.561,122.1456108
wp715,13588011.93,8085059.457,122.5963406
wp716,13588012.26,8085058.354,123.0074498
wp717,13588012.59,8085057.253,123.2706894
wp718,13588012.93,8085056.154,123.4023973
wp719,13588013.27,8085055.057,123.5108096
wp720,13588013.62,8085053.962,123.706306
wp721,13588013.98,8085052.869,124.0643216
wp722,13588014.34,8085051.777,124.4984486
wp723,13588014.71,8085050.688,124.8755164
wp724,13588015.08,8085049.6,125.1185418
wp725,13588015.46,8085048.514,125.3114025
wp726,13588015.85,8085047.431,125.566579
wp727,13588016.24,8085046.349,125.9965516
wp728,13588016.64,8085045.269,126.658962
wp729,13588017.04,8085044.192,127.3627597
wp730,13588017.45,8085043.116,127.850319
wp731,13588017.87,8085042.043,128.0466154
wp732,13588018.29,8085040.971,128.1338473
wp733,13588018.71,8085039.902,128.3134796
wp734,13588019.15,8085038.835,128.7123917
wp735,13588019.58,8085037.77,129.2494568
wp736,13588020.03,8085036.707,129.8075717
wp737,13588020.48,8085035.647,130.2700274
wp738,13588020.93,8085034.589,130.5820504
wp739,13588021.39,8085033.533,130.8176699
wp740,13588021.85,8085032.479,131.0669754
wp741,13588022.32,8085031.427,131.4138722
wp742,13588022.8,8085030.378,131.8505007
wp743,13588023.28,8085029.331,132.2987522
wp744,13588023.76,8085028.287,132.6800401
wp745,13588024.26,8085027.245,132.9665371
wp746,13588024.75,8085026.205,133.1963296
wp747,13588025.25,8085025.167,133.4119049
wp748,13588025.76,8085024.133,133.6451359
wp749,13588026.27,8085023.1,133.8917358
wp750,13588026.78,8085022.07,134.1397247
wp751,13588027.3,8085021.043,134.3801844
wp752,13588027.83,8085020.018,134.6199237
wp753,13588028.36,8085018.995,134.8707871
wp754,13588028.89,8085017.976,135.1442838
wp755,13588029.43,8085016.958,135.4361037
wp756,13588029.97,8085015.944,135.7196678
wp757,13588030.52,8085014.932,135.9674179
wp758,13588031.07,8085013.922,136.171468
wp759,13588031.63,8085012.915,136.3459059
wp760,13588032.19,8085011.911,136.5059743
wp761,13588032.76,8085010.91,136.6643263
wp762,13588033.33,8085009.912,136.8259452
wp763,13588033.9,8085008.916,136.9944013
wp764,13588034.48,8085007.923,137.1731441
wp765,13588035.06,8085006.932,137.3639856
wp766,13588035.65,8085005.945,137.567559
wp767,13588036.24,8085004.96,137.7844716
wp768,13588036.84,8085003.978,138.0114484
wp769,13588037.44,8085002.999,138.2260891
wp770,13588038.04,8085002.023,138.4010499
wp771,13588038.65,8085001.049,138.5377448
wp772,13588039.26,8085000.077,138.6710426
wp773,13588039.87,8084999.108,138.8376947
wp774,13588040.49,8084998.141,139.0700164
wp775,13588041.11,8084997.176,139.3461373
wp776,13588041.73,8084996.213,139.6079465
wp777,13588042.36,8084995.252,139.8074208
wp778,13588042.99,8084994.293,139.9622046
wp779,13588043.62,8084993.335,140.114544
wp780,13588044.25,8084992.379,140.2897725
wp781,13588044.89,8084991.424,140.4827647
wp782,13588045.53,8084990.47,140.685219
wp783,13588046.17,8084989.518,140.8888099
wp784,13588046.82,8084988.566,141.0849942
wp785,13588047.46,8084987.616,141.265111
wp786,13588048.11,8084986.666,141.4215815
wp787,13588048.76,8084985.718,141.5550846
wp788,13588049.41,8084984.769,141.6700995
wp789,13588050.06,8084983.822,141.7711739
wp790,13588050.72,8084982.874,141.864503
wp791,13588051.37,8084981.927,141.9583071
wp792,13588052.03,8084980.98,142.060928
wp793,13588052.69,8084980.033,142.1771157
wp794,13588053.35,8084979.086,142.3009559
wp795,13588054.01,8084978.139,142.4245633
wp796,13588054.67,8084977.191,142.5390034
wp797,13588055.33,8084976.243,142.6324016
wp798,13588055.99,8084975.295,142.6940469
wp799,13588056.66,8084974.346,142.736691
wp800,13588057.32,8084973.398,142.7903625
wp801,13588057.99,8084972.45,142.8854913
wp802,13588058.65,8084971.504,143.0464078
wp803,13588059.32,8084970.559,143.2545306
wp804,13588060,8084969.616,143.4728631
wp805,13588060.67,8084968.675,143.6701036
wp806,13588061.35,8084967.738,143.8341869
wp807,13588062.04,8084966.805,143.9570973
wp808,13588062.72,8084965.875,144.0453689
wp809,13588063.42,8084964.95,144.1414126
wp810,13588064.11,8084964.029,144.2930709
wp811,13588064.82,8084963.115,144.548186
wp812,13588065.53,8084962.206,144.9202591
wp813,13588066.25,8084961.303,145.2557056
wp814,13588066.97,8084960.408,145.4498449
wp815,13588067.7,8084959.52,145.5995423
wp816,13588068.44,8084958.639,145.8258564
wp817,13588069.18,8084957.767,146.2495257
wp818,13588069.94,8084956.904,146.8838677
wp819,13588070.7,8084956.05,147.479332
wp820,13588071.48,8084955.205,147.779208
wp821,13588072.26,8084954.371,147.8694071
wp822,13588073.05,8084953.548,148.0421991
wp823,13588073.86,8084952.736,148.5926894
wp824,13588074.67,8084951.935,149.7647759
wp825,13588075.5,8084951.147,151.2659192
wp826,13588076.34,8084950.371,152.4855896
wp827,13588077.19,8084949.608,153.113008
wp828,13588078.05,8084948.857,153.4600058
wp829,13588078.93,8084948.12,153.91206
wp830,13588079.81,8084947.395,154.6662336
wp831,13588080.71,8084946.683,155.6067192
wp832,13588081.61,8084945.983,156.5882052
wp833,13588082.53,8084945.295,157.4671603
wp834,13588083.46,8084944.619,158.1710329
wp835,13588084.39,8084943.956,158.7205133
wp836,13588085.34,8084943.304,159.1433438
wp837,13588086.29,8084942.665,159.5251931
wp838,13588087.26,8084942.037,160.0514209
wp839,13588088.23,8084941.421,160.9172347
wp840,13588089.21,8084940.816,162.1990706
wp841,13588090.19,8084940.222,163.4946896
wp842,13588091.19,8084939.64,164.3507211
wp843,13588092.19,8084939.069,164.8445163
wp844,13588093.2,8084938.51,165.2898864
wp845,13588094.22,8084937.961,165.8201488
wp846,13588095.24,8084937.423,166.3935598
wp847,13588096.26,8084936.896,166.9805548
wp848,13588097.3,8084936.379,167.587544
wp849,13588098.33,8084935.873,168.2248673
wp850,13588099.38,8084935.378,168.9019339
wp851,13588100.43,8084934.892,169.619645
wp852,13588101.48,8084934.417,170.3743284
wp853,13588102.53,8084933.952,171.1534149
wp854,13588103.59,8084933.497,171.9197006
wp855,13588104.66,8084933.052,172.6342018
wp856,13588105.72,8084932.617,173.3064018
wp857,13588106.79,8084932.19,173.9900088
wp858,13588107.86,8084931.772,174.74035
wp859,13588108.94,8084931.362,175.5697069
wp860,13588110.01,8084930.96,176.3366744
wp861,13588111.09,8084930.564,176.8708285
wp862,13588112.18,8084930.175,177.1769939
wp863,13588113.26,8084929.792,177.4719284
wp864,13588114.34,8084929.414,177.9711017
wp865,13588115.43,8084929.041,178.6145049
wp866,13588116.52,8084928.673,179.0986413
wp867,13588117.61,8084928.308,179.3233611
wp868,13588118.7,8084927.947,179.4088991
wp869,13588119.79,8084927.588,179.4841608
wp870,13588120.88,8084927.232,179.6063206
wp871,13588121.98,8084926.877,179.7318448
wp872,13588123.07,8084926.524,179.8140005
wp873,13588124.17,8084926.171,179.8469555
wp874,13588125.26,8084925.819,179.8473182
wp875,13588126.35,8084925.466,179.8316464
wp876,13588127.45,8084925.112,179.8088765
wp877,13588128.54,8084924.757,179.7796268
wp878,13588129.63,8084924.4,179.7453886
wp879,13588130.73,8084924.041,179.7204997
wp880,13588131.82,8084923.679,179.7203858
wp881,13588132.91,8084923.314,179.7322836
wp882,13588134,8084922.946,179.7354541
wp883,13588135.09,8084922.576,179.7142897
wp884,13588136.17,8084922.204,179.7250061
wp885,13588137.26,8084921.83,179.8286645
wp886,13588138.35,8084921.454,179.8481182
wp887,13588139.44,8084921.076,179.5406046
wp888,13588140.52,8084920.697,179.0368184
wp889,13588141.61,8084920.316,178.9697075
wp890,13588142.69,8084919.935,178.9698075
wp891,13588143.78,8084919.552,178.9700752
wp892,13588144.86,8084919.169,178.9710752
wp893,13588145.95,8084918.785,178.9720752
wp894,13588147.03,8084918.401,178.9730752
wp895,13588148.12,8084918.017,178.9740752
wp896,13588149.2,8084917.632,178.9750752
wp897,13588150.29,8084917.248,178.9760752
wp898,13588151.37,8084916.864,178.9770752
wp899,13588152.46,8084916.481,178.9780752
wp900,13588153.55,8084916.099,-177.1163819
wp901,13588154.63,8084915.717,-177.1163819
wp902,13588155.72,8084915.337,-177.1173819
wp903,13588156.8,8084914.958,-177.1183819
wp904,13588157.89,8084914.581,-177.1293819
wp905,13588158.98,8084914.205,-177.8219591
wp906,13588160.07,8084913.831,-178.7343456
wp907,13588161.16,8084913.459,-179.4057315
wp908,13588162.25,8084913.089,-179.6256099
wp909,13588163.34,8084912.722,-179.5603911
wp910,13588164.43,8084912.357,-179.4098665
wp911,13588165.52,8084911.996,-179.3151159
wp912,13588166.61,8084911.636,-179.2658778
wp913,13588167.71,8084911.28,-179.2288867
wp914,13588168.8,8084910.925,-179.188953
wp915,13588169.9,8084910.573,-179.1461085
wp916,13588170.99,8084910.223,-179.1008283
wp917,13588172.09,8084909.874,-179.0524778
wp918,13588173.19,8084909.528,-178.9990438
wp919,13588174.28,8084909.183,-178.9384826
wp920,13588175.38,8084908.839,-178.8719094
wp921,13588176.48,8084908.497,-178.805242
wp922,13588177.58,8084908.156,-178.744801
wp923,13588178.68,8084907.817,-178.6966504
wp924,13588179.78,8084907.478,-178.6615505
wp925,13588180.88,8084907.139,-178.6352661
wp926,13588181.98,8084906.802,-178.6133571
wp927,13588183.08,8084906.465,-178.590619
wp928,13588184.18,8084906.128,-178.560593
wp929,13588185.28,8084905.792,-178.5178547
wp930,13588186.38,8084905.455,-178.4680449
wp931,13588187.48,8084905.119,-178.4229808
wp932,13588188.58,8084904.782,-178.3916692
wp933,13588189.68,8084904.445,-178.3685437
wp934,13588190.78,8084904.107,-178.3434355
wp935,13588191.88,8084903.769,-178.3063084
wp936,13588192.98,8084903.43,-178.2560596
wp937,13588194.07,8084903.09,-178.2059669
wp938,13588195.17,8084902.749,-178.1689005
wp939,13588196.27,8084902.406,-178.1474225
wp940,13588197.37,8084902.063,-178.1402512
wp941,13588198.47,8084901.718,-178.1460982
wp942,13588199.56,8084901.371,-178.1636709
wp943,13588200.66,8084901.022,-178.1901882
wp944,13588201.76,8084900.672,-178.2192117
wp945,13588202.85,8084900.32,-178.2456603
wp946,13588203.95,8084899.967,-178.2727644
wp947,13588205.04,8084899.612,-178.3060168
wp948,13588206.13,8084899.256,-178.350267
wp949,13588207.23,8084898.898,-178.4024994
wp950,13588208.32,8084898.539,-178.4544321
wp951,13588209.41,8084898.179,-178.4983974
wp952,13588210.5,8084897.817,-178.5348467
wp953,13588211.6,8084897.455,-178.5693771
wp954,13588212.69,8084897.091,-178.6053064
wp955,13588213.78,8084896.727,-178.6415859
wp956,13588214.87,8084896.361,-178.6766952
wp957,13588215.96,8084895.995,-178.7096034
wp958,13588217.05,8084895.628,-178.741906
wp959,13588218.14,8084895.26,-178.7760686
wp960,13588219.23,8084894.892,-178.8122748
wp961,13588220.32,8084894.523,-178.8451775
wp962,13588221.41,8084894.153,-178.8688046
wp963,13588222.5,8084893.783,-178.8834973
wp964,13588223.59,8084893.413,-178.8970997
wp965,13588224.68,8084893.042,-178.917893
wp966,13588225.77,8084892.671,-178.9541582
wp967,13588226.86,8084892.3,-179.0102147
wp968,13588227.95,8084891.928,-179.0675089
wp969,13588229.03,8084891.557,-179.100262
wp970,13588230.12,8084891.185,-179.1117712
wp971,13588231.21,8084890.814,-179.1388625
wp972,13588232.3,8084890.443,-179.2173898
wp973,13588233.39,8084890.071,-179.3193938
wp974,13588234.48,8084889.701,-179.3636492
wp975,13588235.57,8084889.33,-179.3616315
wp976,13588236.66,8084888.96,-179.3784113
wp977,13588237.75,8084888.59,-179.4742371
wp978,13588238.84,8084888.221,-179.6078486
wp979,13588239.93,8084887.852,-179.6478577
wp980,13588241.02,8084887.484,-179.4601732
wp981,13588242.11,8084887.116,-179.0789153
wp982,13588243.2,8084886.75,-178.9614373
wp983,13588244.29,8084886.384,-179.6306094
wp984,13588245.38,8084886.019,-179.6316094
wp985,13588246.47,8084885.655,-179.6326094
wp986,13588247.56,8084885.292,-179.6336094
wp987,13588248.65,8084884.93,-177.2056261
wp988,13588249.75,8084884.569,-177.2156261
wp989,13588250.84,8084884.21,-177.2256261
wp990,13588251.93,8084883.851,-177.2356261
wp991,13588253.03,8084883.495,-177.2456261
wp992,13588254.12,8084883.139,-177.2556261
wp993,13588255.21,8084882.785,-177.2656261
wp994,13588256.31,8084882.432,-177.2756261
wp995,13588257.4,8084882.081,178.4709371
wp996,13588258.5,8084881.732,178.4719371
wp997,13588259.6,8084881.384,178.4809371
wp998,13588260.69,8084881.039,178.4909371
wp999,13588261.79,8084880.695,178.5009371
wp1000,13588262.89,8084880.352,178.5109371
wp1001,13588263.99,8084880.012,178.5209371
wp1002,13588265.09,8084879.673,179.4683324
wp1003,13588266.19,8084879.335,179.3006026
wp1004,13588267.29,8084878.998,179.3106026
wp1005,13588268.39,8084878.662,179.3506026
wp1006,13588269.49,8084878.326,179.3606026
wp1007,13588270.59,8084877.992,179.3906026
wp1008,13588271.69,8084877.657,179.4506026
wp1009,13588272.79,8084877.323,-177.6994626
wp1010,13588273.89,8084876.989,-177.7094626
wp1011,13588274.99,8084876.654,-177.7194626
wp1012,13588276.09,8084876.32,-177.7594626
wp1013,13588277.19,8084875.984,-177.7894626
wp1014,13588278.29,8084875.648,-177.8294626
wp1015,13588279.39,8084875.312,-177.8594626
wp1016,13588280.49,8084874.974,-178.5969658
wp1017,13588281.59,8084874.635,-179.7838546
wp1018,13588282.69,8084874.294,-179.9320911
wp1019,13588283.79,8084873.952,-179.620698
wp1020,13588284.88,8084873.609,-179.3915627
wp1021,13588285.98,8084873.263,-179.3825702
wp1022,13588287.08,8084872.915,-179.4835623
wp1023,13588288.17,8084872.565,-179.5813094
wp1024,13588289.27,8084872.213,-179.608821
wp1025,13588290.36,8084871.858,-179.5805135
wp1026,13588291.45,8084871.5,-179.5191192
wp1027,13588292.55,8084871.139,-179.4619599
wp1028,13588293.64,8084870.775,-179.4831165
wp1029,13588294.73,8084870.408,-179.651844
wp1030,13588295.81,8084870.037,-179.8411572
wp1031,13588296.9,8084869.663,-179.7503525
wp1032,13588297.99,8084869.287,-179.126592
wp1033,13588299.07,8084868.907,-178.4080741
wp1034,13588300.16,8084868.526,-178.5116881
wp1035,13588301.24,8084868.142,-178.5516881
wp1036,13588302.33,8084867.755,-178.5816881
wp1037,13588303.41,8084867.367,-178.5916881
wp1038,13588304.49,8084866.978,-178.6016881
wp1039,13588305.57,8084866.586,-178.6516881
wp1040,13588306.65,8084866.194,-178.6816881
wp1041,13588307.74,8084865.8,-178.6916881
wp1042,13588308.82,8084865.406,176.2012694
wp1043,13588309.9,8084865.011,176.2512694
wp1044,13588310.98,8084864.615,176.2612694
wp1045,13588312.06,8084864.219,176.2812694
wp1046,13588313.14,8084863.823,176.3012694
wp1047,13588314.22,8084863.428,176.0574465
wp1048,13588315.3,8084863.032,176.5879248
wp1049,13588316.38,8084862.637,177.6876833
wp1050,13588317.46,8084862.243,178.7926355
wp1051,13588318.54,8084861.849,179.423119
wp1052,13588319.62,8084861.457,179.5870726
wp1053,13588320.71,8084861.066,179.4671029
wp1054,13588321.79,8084860.677,179.2460394
wp1055,13588322.87,8084860.289,179.1007816
wp1056,13588323.95,8084859.904,179.0919728
wp1057,13588325.04,8084859.52,179.1741916
wp1058,13588326.12,8084859.139,179.2969589
wp1059,13588327.21,8084858.76,179.4004561
wp1060,13588328.3,8084858.383,179.4203972
wp1061,13588329.39,8084858.009,179.2924682
wp1062,13588330.47,8084857.637,178.9680936
wp1063,13588331.56,8084857.268,178.6211876
wp1064,13588332.65,8084856.9,178.5905208
wp1065,13588333.74,8084856.535,178.6505208
wp1066,13588334.84,8084856.172,178.6855208
wp1067,13588335.93,8084855.811,178.6905208
wp1068,13588337.02,8084855.452,178.7005208
wp1069,13588338.11,8084855.096,178.7505208
wp1070,13588339.21,8084854.741,178.7805208
wp1071,13588340.3,8084854.389,179.3206104
wp1072,13588341.4,8084854.039,179.3506104
wp1073,13588342.49,8084853.69,179.3806104
wp1074,13588343.59,8084853.344,179.4006104
wp1075,13588344.69,8084853,179.4206104
wp1076,13588345.79,8084852.657,179.4506104
wp1077,13588346.89,8084852.317,-175.6206926
wp1078,13588347.98,8084851.978,-175.6506926
wp1079,13588349.08,8084851.642,-175.6706926
wp1080,13588350.18,8084851.307,-175.6906926
wp1081,13588351.28,8084850.974,-175.7006926
wp1082,13588352.39,8084850.643,-175.7306926
wp1083,13588353.49,8084850.314,-175.7506926
wp1084,13588354.59,8084849.986,-175.8006926
wp1085,13588355.69,8084849.661,-175.8506926
wp1086,13588356.8,8084849.337,-175.8706926
wp1087,13588357.9,8084849.014,-179.6295792
wp1088,13588359,8084848.694,-180.4010021
wp1089,13588360.11,8084848.375,-179.3180893
wp1090,13588361.21,8084848.057,-177.8414652
wp1091,13588362.32,8084847.742,-177.1549145
wp1092,13588363.43,8084847.428,-177.1773668
wp1093,13588364.53,8084847.115,-177.4667196
wp1094,13588365.64,8084846.804,-177.6077642
wp1095,13588366.75,8084846.494,-177.5231541
wp1096,13588367.85,8084846.186,-177.3659559
wp1097,13588368.96,8084845.879,-177.2673234
wp1098,13588370.07,8084845.573,-177.2385392
wp1099,13588371.18,8084845.268,-177.2568207
wp1100,13588372.29,8084844.963,-177.2993827
wp1101,13588373.4,8084844.659,-177.3454411
wp1102,13588374.5,8084844.356,-177.3902717
wp1103,13588375.61,8084844.053,-177.4368777
wp1104,13588376.72,8084843.75,-177.4879493
wp1105,13588377.83,8084843.447,-177.5428387
wp1106,13588378.94,8084843.144,-177.599099
wp1107,13588380.05,8084842.841,-177.6542665
wp1108,13588381.16,8084842.537,-177.7072466
wp1109,13588382.27,8084842.233,-177.7612689
wp1110,13588383.37,8084841.929,-177.8204146
wp1111,13588384.48,8084841.623,-177.8887651
wp1112,13588385.59,8084841.317,-177.9668784
wp1113,13588386.7,8084841.009,-178.0405004
wp1114,13588387.8,8084840.701,-178.0922834
wp1115,13588388.91,8084840.39,-178.1233276
wp1116,13588390.02,8084840.079,-178.1532279
wp1117,13588391.12,8084839.766,-178.202387
wp1118,13588392.23,8084839.451,-178.289912
wp1119,13588393.33,8084839.134,-178.4059796
wp1120,13588394.44,8084838.815,-178.5123128
wp1121,13588395.54,8084838.494,-178.5747036
wp1122,13588396.64,8084838.17,-178.5996556
wp1123,13588397.75,8084837.845,-178.6126334
wp1124,13588398.85,8084837.516,-178.6391037
wp1125,13588399.95,8084837.185,-178.6915292
wp1126,13588401.05,8084836.851,-178.7568768
wp1127,13588402.15,8084836.515,-178.8191496
wp1128,13588403.25,8084836.176,-178.8632607
wp1129,13588404.35,8084835.835,-178.8881892
wp1130,13588405.44,8084835.491,-178.9039797
wp1131,13588406.54,8084835.145,-178.920975
wp1132,13588407.64,8084834.797,-178.9495182
wp1133,13588408.73,8084834.447,-178.99577
wp1134,13588409.83,8084834.095,-179.0485163
wp1135,13588410.92,8084833.741,-179.0921576
wp1136,13588412.02,8084833.385,-179.1193613
wp1137,13588413.11,8084833.028,-179.1360142
wp1138,13588414.2,8084832.669,-179.1491897
wp1139,13588415.3,8084832.308,-179.1648688
wp1140,13588416.39,8084831.945,-179.1838342
wp1141,13588417.48,8084831.581,-179.2053236
wp1142,13588418.57,8084831.216,-179.2285611
wp1143,13588419.66,8084830.849,-179.2521112
wp1144,13588420.75,8084830.481,-179.2735909
wp1145,13588421.84,8084830.112,-179.2905445
wp1146,13588422.93,8084829.742,-179.3008993
wp1147,13588424.02,8084829.371,-179.3039472
wp1148,13588425.11,8084828.998,-179.2992827
wp1149,13588426.2,8084828.625,-179.2865096
wp1150,13588427.29,8084828.251,-179.2667664
wp1151,13588428.38,8084827.877,-179.244452
wp1152,13588429.47,8084827.502,-179.2243466
wp1153,13588430.56,8084827.126,-179.2086027
wp1154,13588431.65,8084826.75,-179.1949898
wp1155,13588432.74,8084826.373,-179.1808618
wp1156,13588433.82,8084825.996,-179.1635752
wp1157,13588434.91,8084825.619,-179.1406411
wp1158,13588436,8084825.241,-179.1098057
wp1159,13588437.09,8084824.864,-179.0688345
wp1160,13588438.18,8084824.486,-179.0154937
wp1161,13588439.26,8084824.109,-178.9494323
wp1162,13588440.35,8084823.731,-178.8763101
wp1163,13588441.44,8084823.354,-178.8029652
wp1164,13588442.53,8084822.977,-178.7335837
wp1165,13588443.62,8084822.601,-178.6670118
wp1166,13588444.71,8084822.225,-178.601455
wp1167,13588445.79,8084821.849,-178.535168
wp1168,13588446.88,8084821.474,-178.4686829
wp1169,13588447.97,8084821.1,-178.405717
wp1170,13588449.06,8084820.726,-178.3497993
wp1171,13588450.15,8084820.353,-178.3005327
wp1172,13588451.24,8084819.981,-178.2554022
wp1173,13588452.33,8084819.61,-178.2118716
wp1174,13588453.42,8084819.24,-178.167429
wp1175,13588454.51,8084818.871,-178.1201051
wp1176,13588455.6,8084818.504,-178.0684705
wp1177,13588456.69,8084818.137,-178.0111193
wp1178,13588457.78,8084817.772,-177.9467364
wp1179,13588458.87,8084817.409,-177.8789154
wp1180,13588459.96,8084817.047,-177.8185606
wp1181,13588461.06,8084816.686,-177.7760432
wp1182,13588462.15,8084816.327,-177.746162
wp1183,13588463.24,8084815.97,-177.712362
wp1184,13588464.34,8084815.614,-177.6578306
wp1185,13588465.43,8084815.261,-177.5672253
wp1186,13588466.52,8084814.909,-177.4550743
wp1187,13588467.62,8084814.56,-177.3637381
wp1188,13588468.71,8084814.212,-177.3302018
wp1189,13588469.81,8084813.867,-177.338203
wp1190,13588470.91,8084813.524,-177.3451973
wp1191,13588472,8084813.183,-177.3084544
wp1192,13588473.1,8084812.845,-177.1852445
wp1193,13588474.2,8084812.509,-176.9506589
wp1194,13588475.3,8084812.176,-176.7238193
wp1195,13588476.4,8084811.846,-176.6081607
wp1196,13588477.5,8084811.519,-176.576974
wp1197,13588478.6,8084811.195,-176.592759
wp1198,13588479.71,8084810.875,-176.6180156
wp1199,13588480.81,8084810.559,-176.6153336
wp1200,13588481.91,8084810.247,-176.5643651
wp1201,13588483.02,8084809.939,-176.481851
wp1202,13588484.13,8084809.635,-176.3894021
wp1203,13588485.23,8084809.337,-176.3030767
wp1204,13588486.34,8084809.043,-176.2084449
wp1205,13588487.45,8084808.754,-176.0806675
wp1206,13588488.56,8084808.471,-175.8965498
wp1207,13588489.68,8084808.194,-175.6604265
wp1208,13588490.79,8084807.922,-175.3993446
wp1209,13588491.91,8084807.656,-175.1406126
wp1210,13588493.03,8084807.397,-174.9003633
wp1211,13588494.14,8084807.144,-174.6824404
wp1212,13588495.27,8084806.898,-174.4745758
wp1213,13588496.39,8084806.66,-174.2363636
wp1214,13588497.51,8084806.428,-173.9244243
wp1215,13588498.64,8084806.204,-173.4959717
wp1216,13588499.77,8084805.987,-172.9623408
wp1217,13588500.9,8084805.778,-172.4316043
wp1218,13588502.03,8084805.578,-172.0164615
wp1219,13588503.16,8084805.386,-171.7248834
wp1220,13588504.3,8084805.202,-171.4699342
wp1221,13588505.43,8084805.028,-171.1612458
wp1222,13588506.57,8084804.862,-170.7103251
wp1223,13588507.72,8084804.706,-170.1040472
wp1224,13588508.86,8084804.559,-169.4286565
wp1225,13588510.01,8084804.422,-168.7760336
wp1226,13588511.16,8084804.295,-168.1893208
wp1227,13588512.31,8084804.178,-167.6459996
wp1228,13588513.46,8084804.071,-167.1189523
wp1229,13588514.62,8084803.976,-166.5820004
wp1230,13588515.77,8084803.891,-166.0100138
wp1231,13588516.93,8084803.817,-165.3779371
wp1232,13588518.08,8084803.755,-164.6817225
wp1233,13588519.24,8084803.705,-163.9782593
wp1234,13588520.4,8084803.667,-163.335423
wp1235,13588521.56,8084803.641,-162.8050242
wp1236,13588522.71,8084803.627,-162.3618089
wp1237,13588523.87,8084803.626,-161.9574421
wp1238,13588525.03,8084803.638,-161.5552876
wp1239,13588526.18,8084803.664,-161.190952
wp1240,13588527.33,8084803.702,-160.9275218
wp1241,13588528.49,8084803.755,-160.7708653
wp1242,13588529.64,8084803.821,-160.5623455
wp1243,13588530.78,8084803.902,-160.1139715
wp1244,13588531.93,8084803.997,-159.2756087
wp1245,13588533.07,8084804.107,-158.334593
wp1246,13588534.21,8084804.232,-157.7789524
wp1247,13588535.34,8084804.372,-157.5730976
wp1248,13588536.48,8084804.527,-157.4680237
wp1249,13588537.6,8084804.699,-157.2141293
wp1250,13588538.73,8084804.886,-156.5992312
wp1251,13588539.85,8084805.089,-155.7329642
wp1252,13588540.96,8084805.309,-154.8886236
wp1253,13588542.07,8084805.546,-154.2302615
wp1254,13588543.18,8084805.802,-153.6637819
wp1255,13588544.28,8084806.077,-153.0697859
wp1256,13588545.37,8084806.375,-152.4565006
wp1257,13588546.46,8084806.695,-151.9118043
wp1258,13588547.54,8084807.041,-151.5106186
wp1259,13588548.61,8084807.413,-151.2075144
wp1260,13588549.67,8084807.813,-150.896357
wp1261,13588550.73,8084808.242,-150.5080844
wp1262,13588551.78,8084808.695,-150.0860061
wp1263,13588552.82,8084809.169,-149.6939564
wp1264,13588553.86,8084809.66,-149.3671482
wp1265,13588554.89,8084810.163,-149.0940152
wp1266,13588555.92,8084810.673,-148.858671
wp1267,13588556.95,8084811.188,-148.6400642
wp1268,13588557.97,8084811.706,-148.3904908
wp1269,13588559,8084812.226,-148.0536744
wp1270,13588560.02,8084812.749,-147.5969218
wp1271,13588561.04,8084813.274,-147.1000914
wp1272,13588562.06,8084813.799,-146.6663651
wp1273,13588563.09,8084814.326,-146.3304361
wp1274,13588564.11,8084814.854,-146.0988248
wp1275,13588565.13,8084815.381,-145.9752528
wp1276,13588566.15,8084815.908,-145.9129993
wp1277,13588567.17,8084816.435,-145.820754
wp1278,13588568.19,8084816.96,-145.6059136
wp1279,13588569.22,8084817.484,-145.2353592
wp1280,13588570.24,8084818.006,-144.8128962
wp1281,13588571.27,8084818.526,-144.4410737
wp1282,13588572.3,8084819.044,-144.1254865
wp1283,13588573.33,8084819.56,-143.8430296
wp1284,13588574.36,8084820.074,-143.5716855
wp1285,13588575.39,8084820.587,-143.2944768
wp1286,13588576.42,8084821.099,-142.9958793
wp1287,13588577.45,8084821.61,-142.6636702
wp1288,13588578.49,8084822.12,-142.3105757
wp1289,13588579.52,8084822.63,-141.9607234
wp1290,13588580.55,8084823.139,-141.6380414
wp1291,13588581.59,8084823.649,-141.3559597
wp1292,13588582.62,8084824.159,-141.1139946
wp1293,13588583.65,8084824.67,-140.9107035
wp1294,13588584.68,8084825.181,-140.7388075
wp1295,13588585.72,8084825.694,-140.5631983
wp1296,13588586.75,8084826.208,-140.3404829
wp1297,13588587.78,8084826.723,-140.0334995
wp1298,13588588.81,8084827.24,-139.6854436
wp1299,13588589.83,8084827.76,-139.3952931
wp1300,13588590.86,8084828.281,-139.2240358
wp1301,13588591.89,8084828.805,-139.1306314
wp1302,13588592.91,8084829.332,-139.0576156
wp1303,13588593.93,8084829.862,-138.9475241
wp1304,13588594.95,8084830.395,-138.7428924
wp1305,13588595.97,8084830.931,-138.4015921
wp1306,13588596.98,8084831.472,-137.9787713
wp1307,13588598,8084832.016,-137.5676
wp1308,13588599.01,8084832.565,-137.2502478
wp1309,13588600.01,8084833.118,-137.0146162
wp1310,13588601.02,8084833.676,-136.8010023
wp1311,13588602.02,8084834.238,-136.5537538
wp1312,13588603.02,8084834.806,-136.2720761
wp1313,13588604.01,8084835.379,-135.9923059
wp1314,13588605,8084835.956,-135.750663
wp1315,13588605.99,8084836.538,-135.5509068
wp1316,13588606.98,8084837.124,-135.3542662
wp1317,13588607.96,8084837.715,-135.1190909
wp1318,13588608.95,8084838.311,-134.8055879
wp1319,13588609.92,8084838.91,-134.4193781
wp1320,13588610.9,8084839.514,-134.0130427
wp1321,13588611.87,8084840.121,-133.6413133
wp1322,13588612.85,8084840.733,-133.3427944
wp1323,13588613.82,8084841.348,-133.1100026
wp1324,13588614.78,8084841.967,-132.9272742
wp1325,13588615.75,8084842.59,-132.7789025
wp1326,13588616.71,8084843.215,-132.6422871
wp1327,13588617.67,8084843.845,-132.4804461
wp1328,13588618.63,8084844.477,-132.2545974
wp1329,13588619.59,8084845.113,-131.9262686
wp1330,13588620.54,8084845.752,-131.4942816
wp1331,13588621.49,8084846.393,-131.0298192
wp1332,13588622.45,8084847.037,-130.6115647
wp1333,13588623.39,8084847.684,-130.2687815
wp1334,13588624.34,8084848.334,-129.9534307
wp1335,13588625.29,8084848.986,-129.6111756
wp1336,13588626.24,8084849.64,-129.2210643
wp1337,13588627.18,8084850.297,-128.8185951
wp1338,13588628.12,8084850.956,-128.4447165
wp1339,13588629.06,8084851.617,-128.1384638
wp1340,13588630,8084852.279,-127.8939803
wp1341,13588630.94,8084852.944,-127.6600174
wp1342,13588631.88,8084853.61,-127.383314
wp1343,13588632.82,8084854.278,-127.0252184
wp1344,13588633.75,8084854.947,-126.6435642
wp1345,13588634.69,8084855.618,-126.3353099
wp1346,13588635.62,8084856.29,-126.1722691
wp1347,13588636.56,8084856.963,-126.1032111
wp1348,13588637.49,8084857.637,-126.0394899
wp1349,13588638.42,8084858.312,-125.8983761
wp1350,13588639.36,8084858.988,-125.6749245
wp1351,13588640.29,8084859.664,-125.418956
wp1352,13588641.22,8084860.341,-125.1805033
wp1353,13588642.15,8084861.019,-124.9860705
wp1354,13588643.08,8084861.697,-124.8373949
wp1355,13588644.01,8084862.375,-124.7347926
wp1356,13588644.95,8084863.054,-124.6689324
wp1357,13588645.88,8084863.732,-124.6178191
wp1358,13588646.81,8084864.411,-124.5588096
wp1359,13588647.74,8084865.089,-124.4829787
wp1360,13588648.67,8084865.767,-124.4032677
wp1361,13588649.6,8084866.445,-124.3323216
wp1362,13588650.53,8084867.122,-124.2725541
wp1363,13588651.47,8084867.798,-124.2234723
wp1364,13588652.4,8084868.474,-124.1845777
wp1365,13588653.33,8084869.149,-124.1531648
wp1366,13588654.27,8084869.823,-124.1209539
wp1367,13588655.2,8084870.496,-124.0787983
wp1368,13588656.14,8084871.168,-124.0177645
wp1369,13588657.07,8084871.839,-123.9426882
wp1370,13588658.01,8084872.508,-123.8803266
wp1371,13588658.95,8084873.176,-123.8487316
wp1372,13588659.89,8084873.842,-123.8223922
wp1373,13588660.83,8084874.506,-123.7659487
wp1374,13588661.77,8084875.169,-123.6727855
wp1375,13588662.71,8084875.831,-123.5646865
wp1376,13588663.65,8084876.493,-123.4646427
wp1377,13588664.59,8084877.154,-123.3883124
wp1378,13588665.54,8084877.816,-123.3268394
wp1379,13588666.48,8084878.479,-123.2662504
wp1380,13588667.41,8084879.143,-123.1928394
wp1381,13588668.35,8084879.809,-123.0998713
wp1382,13588669.28,8084880.477,-122.9880743
wp1383,13588670.22,8084881.148,-122.8585631
wp1384,13588671.14,8084881.823,-122.7155605
wp1385,13588672.07,8084882.502,-122.5696478
wp1386,13588672.99,8084883.184,-122.4321835
wp1387,13588673.91,8084883.872,-122.3117687
wp1388,13588674.82,8084884.565,-122.198258
wp1389,13588675.73,8084885.264,-122.0737043
wp1390,13588676.63,8084885.969,-121.9201346
wp1391,13588677.52,8084886.68,-121.7199045
wp1392,13588678.41,8084887.399,-121.4709181
wp1393,13588679.3,8084888.125,-121.193052
wp1394,13588680.17,8084888.857,-120.9078429
wp1395,13588681.05,8084889.595,-120.6336924
wp1396,13588681.91,8084890.34,-120.3790772
wp1397,13588682.78,8084891.091,-120.1505154
wp1398,13588683.64,8084891.847,-119.9540391
wp1399,13588684.49,8084892.609,-119.7908323
wp1400,13588685.34,8084893.377,-119.6592938
wp1401,13588686.19,8084894.149,-119.552831
wp1402,13588687.03,8084894.927,-119.4453776
wp1403,13588687.88,8084895.709,-119.3060876
wp1404,13588688.71,8084896.497,-119.1041147
wp1405,13588689.55,8084897.288,-118.8173567
wp1406,13588690.38,8084898.084,-118.4911461
wp1407,13588691.22,8084898.884,-118.2021766
wp1408,13588692.05,8084899.687,-118.0174487
wp1409,13588692.87,8084900.495,-117.9113424
wp1410,13588693.7,8084901.306,-117.8075308
wp1411,13588694.52,8084902.121,-117.6291691
wp1412,13588695.34,8084902.941,-117.3168239
wp1413,13588696.16,8084903.764,-116.952104
wp1414,13588696.97,8084904.593,-116.6844975
wp1415,13588697.78,8084905.425,-116.5869614
wp1416,13588698.59,8084906.262,-116.5745894
wp1417,13588699.39,8084907.104,-116.5431414
wp1418,13588700.18,8084907.95,-116.4243392
wp1419,13588700.97,8084908.801,-116.2572057
wp1420,13588701.76,8084909.657,-116.0917557
wp1421,13588702.53,8084910.518,-115.9295986
wp1422,13588703.3,8084911.385,-115.7560233
wp1423,13588704.07,8084912.256,-115.5551243
wp1424,13588704.82,8084913.133,-115.2932728
wp1425,13588705.57,8084914.015,-114.9231785
wp1426,13588706.31,8084914.903,-114.3971989
wp1427,13588707.04,8084915.796,-113.7023641
wp1428,13588707.76,8084916.695,-113.008128
wp1429,13588708.48,8084917.6,-112.5391091
wp1430,13588709.18,8084918.511,-112.3215207
wp1431,13588709.87,8084919.428,-112.112257
wp1432,13588710.56,8084920.351,-111.6491452
wp1433,13588711.23,8084921.28,-110.8174958
wp1434,13588711.89,8084922.215,-109.9291944
wp1435,13588712.54,8084923.157,-109.3614688
wp1436,13588713.18,8084924.106,-109.1663146
wp1437,13588713.8,8084925.06,-109.0299611
wp1438,13588714.42,8084926.021,-108.6299606
wp1439,13588715.02,8084926.988,-107.9227208
wp1440,13588715.62,8084927.96,-107.1615996
wp1441,13588716.2,8084928.939,-106.5663403
wp1442,13588716.77,8084929.923,-106.1160949
wp1443,13588717.34,8084930.912,-105.7160255
wp1444,13588717.89,8084931.907,-105.3040187
wp1445,13588718.43,8084932.907,-104.8541847
wp1446,13588718.97,8084933.912,-104.342981
wp1447,13588719.49,8084934.922,-103.785616
wp1448,13588720.01,8084935.937,-103.2643242
wp1449,13588720.52,8084936.957,-102.8517868
wp1450,13588721.02,8084937.981,-102.5219708
wp1451,13588721.51,8084939.01,-102.2116995
wp1452,13588721.99,8084940.043,-101.8587418
wp1453,13588722.47,8084941.08,-101.4337367
wp1454,13588722.94,8084942.122,-100.9466011
wp1455,13588723.4,8084943.167,-100.4095589
wp1456,13588723.85,8084944.216,-99.83511458
wp1457,13588724.3,8084945.269,-99.24315338
wp1458,13588724.74,8084946.325,-98.66150201
wp1459,13588725.17,8084947.385,-98.11802511
wp1460,13588725.6,8084948.447,-97.61490253
wp1461,13588726.03,8084949.514,-97.11173499
wp1462,13588726.44,8084950.583,-96.56411672
wp1463,13588726.86,8084951.655,-95.94161304
wp1464,13588727.26,8084952.729,-95.27086653
wp1465,13588727.67,8084953.807,-94.59309386
wp1466,13588728.06,8084954.887,-93.94957964
wp1467,13588728.46,8084955.969,-93.3817936
wp1468,13588728.85,8084957.053,-92.93111367
wp1469,13588729.23,8084958.14,-92.61285638
wp1470,13588729.61,8084959.228,-92.38420156
wp1471,13588729.99,8084960.319,-92.19446428
wp1472,13588730.37,8084961.411,-91.99384564
wp1473,13588730.74,8084962.504,-91.75215538
wp1474,13588731.11,8084963.6,-91.45839336
wp1475,13588731.48,8084964.696,-91.10236174
wp1476,13588731.84,8084965.794,-90.67561129
wp1477,13588732.21,8084966.892,-90.21897079
wp1478,13588732.57,8084967.992,-89.82817728
wp1479,13588732.93,8084969.092,-89.57728361
wp1480,13588733.29,8084970.193,-89.44372939
wp1481,13588733.64,8084971.295,-89.38120371
wp1482,13588734,8084972.397,-89.34339568
wp1483,13588734.35,8084973.499,-89.28399946
wp1484,13588734.71,8084974.602,-89.17330303
wp1485,13588735.07,8084975.704,-89.03510738
wp1486,13588735.42,8084976.807,-88.90397916
wp1487,13588735.78,8084977.909,-88.80540899
wp1488,13588736.13,8084979.01,-88.73376027
wp1489,13588736.49,8084980.112,-88.67693721
wp1490,13588736.85,8084981.212,-88.62985001
wp1491,13588737.21,8084982.312,-88.59592108
wp1492,13588737.57,8084983.411,-88.57909122
wp1493,13588737.93,8084984.509,-88.58825565
wp1494,13588738.3,8084985.605,-88.64650885
wp1495,13588738.67,8084986.701,-88.77939509
wp1496,13588739.03,8084987.795,-88.98848717
wp1497,13588739.41,8084988.888,-89.21765312
wp1498,13588739.78,8084989.979,-89.4115941
wp1499,13588740.16,8084991.069,-89.56612208
wp1500,13588740.54,8084992.158,-89.69444337
wp1501,13588740.92,8084993.246,-89.80917382
wp1502,13588741.3,8084994.333,-89.91429684
wp1503,13588741.68,8084995.418,-90.007359
wp1504,13588742.07,8084996.503,-90.08574212
wp1505,13588742.45,8084997.586,-90.1450123
wp1506,13588742.84,8084998.669,-90.17688957
wp1507,13588743.23,8084999.751,-90.17360249
wp1508,13588743.63,8085000.832,-90.14147646
wp1509,13588744.02,8085001.912,-90.09702729
wp1510,13588744.41,8085002.991,-90.05147299
wp1511,13588744.81,8085004.07,-90.01054634
wp1512,13588745.21,8085005.148,-89.97959898
wp1513,13588745.6,8085006.225,-89.95764598
wp1514,13588746,8085007.302,-89.93509534
wp1515,13588746.4,8085008.378,-89.90174045
wp1516,13588746.8,8085009.454,-89.85071333
wp1517,13588747.2,8085010.529,-89.79024253
wp1518,13588747.6,8085011.604,-89.73281306
wp1519,13588748.01,8085012.679,-89.68596883
wp1520,13588748.41,8085013.753,-89.64403088
wp1521,13588748.81,8085014.827,-89.59913181
wp1522,13588749.21,8085015.901,-89.54421844
wp1523,13588749.62,8085016.975,-89.48323098
wp1524,13588750.02,8085018.048,-89.4280027
wp1525,13588750.42,8085019.122,-89.38959312
wp1526,13588750.83,8085020.195,-89.36460435
wp1527,13588751.23,8085021.269,-89.33835557
wp1528,13588751.63,8085022.342,-89.29586669
wp1529,13588752.04,8085023.416,-89.22362216
wp1530,13588752.44,8085024.49,-89.13128016
wp1531,13588752.84,8085025.563,-89.04700531
wp1532,13588753.24,8085026.638,-88.9959312
wp1533,13588753.64,8085027.712,-88.971344
wp1534,13588754.04,8085028.787,-88.94971018
wp1535,13588754.44,8085029.862,-88.90734408
wp1536,13588754.84,8085030.938,-88.82651424
wp1537,13588755.23,8085032.014,-88.72331781
wp1538,13588755.63,8085033.09,-88.62518286
wp1539,13588756.02,8085034.167,-88.54426024
wp1540,13588756.41,8085035.245,-88.47653875
wp1541,13588756.81,8085036.324,-88.41723237
wp1542,13588757.2,8085037.403,-88.36184276
wp1543,13588757.59,8085038.482,-88.30756723
wp1544,13588757.97,8085039.563,-88.25222218
wp1545,13588758.36,8085040.644,-88.19362565
wp1546,13588758.74,8085041.727,-88.13042952
wp1547,13588759.12,8085042.81,-88.06372725
wp1548,13588759.51,8085043.894,-87.9950568
wp1549,13588759.88,8085044.979,-87.92592708
wp1550,13588760.26,8085046.066,-87.85715687
wp1551,13588760.63,8085047.153,-87.78886263
wp1552,13588761,8085048.241,-87.7211242
wp1553,13588761.37,8085049.331,-87.65355016
wp1554,13588761.74,8085050.422,-87.58490467
wp1555,13588762.11,8085051.514,-87.51386387
wp1556,13588762.47,8085052.608,-87.43865629
wp1557,13588762.83,8085053.702,-87.35611874
wp1558,13588763.18,8085054.798,-87.26281835
wp1559,13588763.54,8085055.896,-87.15532226
wp1560,13588763.89,8085056.994,-87.03031252
wp1561,13588764.24,8085058.093,-86.8932475
wp1562,13588764.59,8085059.194,-86.76439694
wp1563,13588764.93,8085060.295,-86.66541274
wp1564,13588765.27,8085061.398,-86.60542529
wp1565,13588765.61,8085062.501,-86.56392438
wp1566,13588765.95,8085063.606,-86.51611125
wp1567,13588766.28,8085064.711,-86.43718713
wp1568,13588766.61,8085065.817,-86.30443551
wp1569,13588766.94,8085066.924,-86.12764502
wp1570,13588767.27,8085068.031,-85.94233445
wp1571,13588767.6,8085069.139,-85.78472668
wp1572,13588767.92,8085070.248,-85.68224291
wp1573,13588768.24,8085071.358,-85.62305274
wp1574,13588768.56,8085072.468,-85.58438806
wp1575,13588768.88,8085073.578,-85.54348034
wp1576,13588769.19,8085074.689,-85.477561
wp1577,13588769.5,8085075.801,-85.36853641
wp1578,13588769.81,8085076.912,-85.23214702
wp1579,13588770.12,8085078.025,-85.09902189
wp1580,13588770.42,8085079.137,-84.99550508
wp1581,13588770.73,8085080.25,-84.91956696
wp1582,13588771.03,8085081.363,-84.85780013
wp1583,13588771.32,8085082.476,-84.79676667
wp1584,13588771.62,8085083.589,-84.72418085
wp1585,13588771.92,8085084.702,-84.63780932
wp1586,13588772.21,8085085.816,-84.54060487
wp1587,13588772.5,8085086.929,-84.43556891
wp1588,13588772.79,8085088.043,-84.32589757
wp1589,13588773.07,8085089.156,-84.21502957
wp1590,13588773.36,8085090.269,-84.10641887
wp1591,13588773.64,8085091.382,-84.00334185
wp1592,13588773.92,8085092.495,-83.90752849
wp1593,13588774.2,8085093.607,-83.81991207
wp1594,13588774.47,8085094.72,-83.74093062
wp1595,13588774.75,8085095.832,-83.66687385
wp1596,13588775.02,8085096.944,-83.59193903
wp1597,13588775.29,8085098.057,-83.51030739
wp1598,13588775.55,8085099.171,-83.41612104
wp1599,13588775.81,8085100.285,-83.30280833
wp1600,13588776.06,8085101.401,-83.16317406
wp1601,13588776.31,8085102.518,-82.99000205
wp1602,13588776.55,8085103.637,-82.77945049
wp1603,13588776.78,8085104.758,-82.54608865
wp1604,13588777,8085105.881,-82.31073392
wp1605,13588777.22,8085107.007,-82.09198975
wp1606,13588777.42,8085108.136,-81.89077121
wp1607,13588777.62,8085109.268,-81.69953168
wp1608,13588777.81,8085110.403,-81.51067321
wp1609,13588777.98,8085111.542,-81.31839906
wp1610,13588778.15,8085112.685,-81.12223739
wp1611,13588778.3,8085113.832,-80.92269212
wp1612,13588778.43,8085114.983,-80.71331039
wp1613,13588778.56,8085116.137,-80.46610951
wp1614,13588778.66,8085117.294,-80.14895456
wp1615,13588778.75,8085118.453,-79.74092862
wp1616,13588778.82,8085119.612,-79.27355416
wp1617,13588778.86,8085120.771,-78.79366384
wp1618,13588778.88,8085121.929,-78.34356216
wp1619,13588778.87,8085123.085,-77.86797388
wp1620,13588778.83,8085124.238,-77.21758077
wp1621,13588778.77,8085125.388,-76.24522577
wp1622,13588778.67,8085126.532,-74.99982283
wp1623,13588778.54,8085127.671,-73.76566248
wp1624,13588778.37,8085128.803,-72.81600321
wp1625,13588778.17,8085129.928,-72.04768599
wp1626,13588777.93,8085131.045,-71.06626508
wp1627,13588777.65,8085132.154,-69.46971358
wp1628,13588777.34,8085133.253,-66.93571427
wp1629,13588777,8085134.344,-64.00326815
wp1630,13588776.63,8085135.424,-61.73641541
wp1631,13588776.22,8085136.493,-60.73406148
wp1632,13588775.78,8085137.552,-60.39374669
wp1633,13588775.32,8085138.598,-59.92496941
wp1634,13588774.82,8085139.633,-58.53881528
wp1635,13588774.3,8085140.654,-55.92484971
wp1636,13588773.74,8085141.662,-52.92014413
wp1637,13588773.16,8085142.656,-50.48804769
wp1638,13588772.56,8085143.636,-48.89258738
wp1639,13588771.93,8085144.6,-47.82235072
wp1640,13588771.27,8085145.549,-46.95028463
wp1641,13588770.59,8085146.482,-46.03657681
wp1642,13588769.89,8085147.398,-44.97597287
wp1643,13588769.17,8085148.297,-43.67471591
wp1644,13588768.42,8085149.179,-42.04515886
wp1645,13588767.65,8085150.042,-40.15060707
wp1646,13588766.86,8085150.887,-38.21134844
wp1647,13588766.05,8085151.713,-36.45498731
wp1648,13588765.23,8085152.52,-35.03902836
wp1649,13588764.38,8085153.307,-33.79758981
wp1650,13588763.51,8085154.074,-32.47159813
wp1651,13588762.63,8085154.82,-30.80857095
wp1652,13588761.73,8085155.545,-28.81051167
wp1653,13588760.82,8085156.248,-26.80880873
wp1654,13588759.88,8085156.929,-25.15674358
wp1655,13588758.94,8085157.587,-24.1783498
wp1656,13588757.98,8085158.223,-23.77142297
wp1657,13588757,8085158.835,-23.5113729
wp1658,13588756.02,8085159.423,-22.96564099
wp1659,13588755.02,8085159.986,-21.70166864
wp1660,13588754,8085160.525,-19.38791008
wp1661,13588752.98,8085161.04,-16.61981001
wp1662,13588751.95,8085161.533,-14.46691124
wp1663,13588750.91,8085162.006,-13.32363894
wp1664,13588749.85,8085162.46,-12.82887648
wp1665,13588748.8,8085162.897,-12.58207328
wp1666,13588747.73,8085163.319,-12.18267876
wp1667,13588746.66,8085163.726,-11.23466671
wp1668,13588745.58,8085164.122,-9.640518734
wp1669,13588744.49,8085164.507,-7.781662827
wp1670,13588743.41,8085164.884,-6.082660095
wp1671,13588742.32,8085165.254,-4.848182839
wp1672,13588741.22,8085165.618,-3.988024898
wp1673,13588740.13,8085165.979,-3.330798436
wp1674,13588739.03,8085166.337,-2.734424096
wp1675,13588737.94,8085166.695,-2.174515567
wp1676,13588736.84,8085167.055,-1.656225034
wp1677,13588735.75,8085167.418,-1.184704682
wp1678,13588734.65,8085167.785,-0.767439756
wp1679,13588733.56,8085168.156,-0.424562792
wp1680,13588732.47,8085168.532,-0.179588324
wp1681,13588731.39,8085168.911,-0.031871304
wp1682,13588730.3,8085169.293,0.045745326
wp1683,13588729.22,8085169.679,0.081666518
wp1684,13588728.14,8085170.066,0.100520829
wp1685,13588727.05,8085170.456,0.12223647
wp1686,13588725.97,8085170.848,0.166447354
wp1687,13588724.89,8085171.24,0.252787391
wp1688,13588723.81,8085171.633,0.392702538
wp1689,13588722.73,8085172.027,0.54673133
wp1690,13588721.65,8085172.421,0.659757199
wp1691,13588720.57,8085172.814,0.720399293
wp1692,13588719.49,8085173.208,0.74490462
wp1693,13588718.41,8085173.601,0.749953811
wp1694,13588717.33,8085173.994,0.748068076
wp1695,13588716.25,8085174.386,0.732026069
wp1696,13588715.17,8085174.778,0.688754978
wp1697,13588714.08,8085175.17,0.605181074
wp1698,13588713,8085175.562,0.472979999
wp1699,13588711.92,8085175.953,0.312507159
wp1700,13588710.84,8085176.344,0.154829431
wp1701,13588709.76,8085176.735,0.028990456
wp1702,13588708.68,8085177.125,-0.066058911
wp1703,13588707.59,8085177.515,-0.154301807
wp1704,13588706.51,8085177.904,-0.26015069
wp1705,13588705.43,8085178.293,-0.391360341
wp1706,13588704.35,8085178.681,-0.523948804
wp1707,13588703.26,8085179.069,-0.631155579
wp1708,13588702.18,8085179.456,-0.702657814
wp1709,13588701.1,8085179.843,-0.743737108
wp1710,13588700.01,8085180.229,-0.760291605
wp1711,13588698.93,8085180.614,-0.756817819
wp1712,13588697.85,8085180.999,-0.732894034
wp1713,13588696.76,8085181.383,-0.687020376
wp1714,13588695.68,8085181.767,-0.618338451
wp1715,13588694.59,8085182.15,-0.532181828
wp1716,13588693.51,8085182.532,-0.43735008
wp1717,13588692.42,8085182.913,-0.342680848
wp1718,13588691.34,8085183.294,-0.255465859
wp1719,13588690.25,8085183.674,-0.169504046
wp1720,13588689.17,8085184.053,-0.071630997
wp1721,13588688.08,8085184.431,0.051375725
wp1722,13588687,8085184.809,0.209242474
wp1723,13588685.91,8085185.185,0.371291592
wp1724,13588684.82,8085185.561,0.484683603
wp1725,13588683.73,8085185.936,0.545142957
wp1726,13588682.65,8085186.31,0.582495949
wp1727,13588681.56,8085186.683,0.627260597
wp1728,13588680.47,8085187.055,0.702856616
wp1729,13588679.38,8085187.426,0.800101568
wp1730,13588678.29,8085187.796,0.900458787
wp1731,13588677.2,8085188.165,0.9867055
wp1732,13588676.11,8085188.532,1.056068868
wp1733,13588675.02,8085188.899,1.114717563
wp1734,13588673.93,8085189.265,1.168953064
wp1735,13588672.84,8085189.63,1.225058041
wp1736,13588671.75,8085189.993,1.287232935
wp1737,13588670.66,8085190.356,1.355734392
wp1738,13588669.57,8085190.717,1.430379616
wp1739,13588668.48,8085191.077,1.510970836
wp1740,13588667.39,8085191.436,1.595559449
wp1741,13588666.29,8085191.793,1.678828771
wp1742,13588665.2,8085192.15,1.75509115
wp1743,13588664.11,8085192.505,1.820843454
wp1744,13588663.01,8085192.858,1.877334478
wp1745,13588661.92,8085193.211,1.926437488
wp1746,13588660.82,8085193.562,1.96984931
wp1747,13588659.73,8085193.911,2.00463162
wp1748,13588658.63,8085194.26,2.022946008
wp1749,13588657.53,8085194.607,2.024546338
wp1750,13588656.44,8085194.952,2.023491113
wp1751,13588655.34,8085195.296,2.035361129
wp1752,13588654.24,8085195.639,2.072713336
wp1753,13588653.14,8085195.98,2.127304711
wp1754,13588652.05,8085196.319,2.182142722
wp1755,13588650.95,8085196.657,2.220426108
wp1756,13588649.85,8085196.994,2.237527811
wp1757,13588648.75,8085197.329,2.24707107
wp1758,13588647.65,8085197.662,2.264155893
wp1759,13588646.55,8085197.995,2.296930877
wp1760,13588645.44,8085198.326,2.336849159
wp1761,13588644.34,8085198.655,2.372908851
wp1762,13588643.24,8085198.984,2.395153712
wp1763,13588642.14,8085199.311,2.402692448
wp1764,13588641.04,8085199.638,2.399285993
wp1765,13588639.93,8085199.963,2.388733542
wp1766,13588638.83,8085200.288,2.375187873
wp1767,13588637.73,8085200.611,2.363852815
wp1768,13588636.62,8085200.934,2.360120489
wp1769,13588635.52,8085201.256,2.362353168
wp1770,13588634.41,8085201.578,2.348352512
wp1771,13588633.31,8085201.898,2.292627149
wp1772,13588632.2,8085202.219,2.189551025
wp1773,13588631.1,8085202.538,2.060868306
wp1774,13588629.99,8085202.858,1.931358522
wp1775,13588628.89,8085203.176,1.830042557
wp1776,13588627.78,8085203.495,1.782660256
wp1777,13588626.68,8085203.813,1.770857118
wp1778,13588625.57,8085204.131,1.750686809
wp1779,13588624.47,8085204.449,1.6778882
wp1780,13588623.36,8085204.767,1.515327392
wp1781,13588622.26,8085205.085,1.317908489
wp1782,13588621.15,8085205.403,1.201114649
wp1783,13588620.05,8085205.721,1.190403369
wp1784,13588618.94,8085206.039,1.21314897
wp1785,13588617.84,8085206.357,1.214661143
wp1786,13588616.73,8085206.675,1.194042383
wp1787,13588615.63,8085206.994,1.158157339
wp1788,13588614.52,8085207.314,1.115148885
wp1789,13588613.42,8085207.633,1.07762974
wp1790,13588612.31,8085207.953,1.057706368
wp1791,13588611.21,8085208.274,1.053284716
wp1792,13588610.1,8085208.596,1.054371061
wp1793,13588609,8085208.918,1.050886647
wp1794,13588607.89,8085209.241,1.034998885
wp1795,13588606.79,8085209.564,1.010674999
wp1796,13588605.69,8085209.889,0.985381792
wp1797,13588604.59,8085210.214,0.960883087
wp1798,13588603.48,8085210.541,0.934395899
wp1799,13588602.38,8085210.868,0.903010974
wp1800,13588601.28,8085211.197,0.865946775
wp1801,13588600.18,8085211.527,0.833439192
wp1802,13588599.08,8085211.858,0.819240713
wp1803,13588597.98,8085212.19,0.829188329
wp1804,13588596.88,8085212.524,0.851593256
wp1805,13588595.78,8085212.859,0.873248061
wp1806,13588594.68,8085213.195,0.891599769
wp1807,13588593.58,8085213.533,0.911470481
wp1808,13588592.48,8085213.873,0.937791172
wp1809,13588591.38,8085214.214,0.971351401
wp1810,13588590.28,8085214.557,1.005171151
wp1811,13588589.19,8085214.902,1.032176593
wp1812,13588588.09,8085215.248,1.05021095
wp1813,13588587,8085215.597,1.059070152
wp1814,13588585.9,8085215.947,1.058623579
wp1815,13588584.81,8085216.3,1.050269066
wp1816,13588583.71,8085216.654,1.036907147
wp1817,13588582.62,8085217.011,1.021501713
wp1818,13588581.53,8085217.37,1.00665106
wp1819,13588580.44,8085217.731,0.9929906
wp1820,13588579.35,8085218.094,0.980499804
wp1821,13588578.26,8085218.46,0.969491427
wp1822,13588577.17,8085218.828,0.96179281
wp1823,13588576.08,8085219.198,0.959539991
wp1824,13588574.99,8085219.572,0.962613302
wp1825,13588573.91,8085219.947,0.968893859
wp1826,13588572.82,8085220.326,0.974590449
wp1827,13588571.73,8085220.707,0.965697296
wp1828,13588570.65,8085221.091,0.924659141
wp1829,13588569.57,8085221.478,0.877062361
wp1830,13588568.49,8085221.868,0.926130768
wp1831,13588567.4,8085222.26,1.069829483
wp1832,13588566.32,8085222.656,1.001428169
wp1833,13588565.24,8085223.055,0.49049904
wp1834,13588564.17,8085223.457,0.58057261
wp1835,13588563.09,8085223.862,1.666743928
wp1836,13588562.01,8085224.27,0.889999986
